workbook_row,iranian_year,gregorian_calendar_year_proxy,workbook_GDP_PPP_input_IRR_per_intl_dollar,workbook_line_IRR_exact_30_day,WDI_CPI_FP_CPI_TOTL_2010_100,WDI_calendar_CPI_ratio_to_2021,WDI_calendar_effective_factor_IRR_per_2021_intl_dollar,WDI_calendar_line_IRR_nearest_365_over_12,selected_CPI_factor,selected_effective_factor_IRR_per_2021_intl_dollar,corrected_line_IRR_exact_365_over_12,corrected_line_IRR_nearest,difference_from_workbook_IRR_exact,difference_from_workbook_percent,status
1,1369,1990,96.673921771269704,24071.806521046157,2.97421701244274,0.0028829500166295788867350212715911638558077433161038,138.44226662532753477212024587852454320256557102159,34951,0.002915893456382291,140.02424496123095003756640625,35350.287509170763594900618977864583333333333333334,35350,11278.480988124606594900618977864583333333333333334,46.853488034908173356651192786015471490333902273550,PIP survey-specific CPI factor
2,1370,1991,117.466494532144,29249.157138503859,3.48365779420319,0.0033767580690022705196338911095123978701002826217275,162.15544432663131006465047548865346998093165264950,40937,0.0033767580690022705196338911095123978701002826217275,162.15544432663131006465047548865346998093165264950,40937.493215627462820071551291072973942269370141804,40937,11688.336077123603820071551291072973942269370141804,39.961274855804206730423169068083424602218415143986,WDI calendar-year CPI proxy; PIP survey factor unavailable
3,1371,1992,148.54777679894201,36988.396422936559,4.38271053462994,0.0042482224248716515982208807596687283437739474145209,204.00407160556890010194452601352214581203975032951,51503,0.0042482224248716515982208807596687283437739474145209,204.00407160556890010194452601352214581203975032951,51502.527910755915238236745129830445061464535301937,51503,14514.131487819356238236745129830445061464535301937,39.239688365671137786412521699585340873148371572054,WDI calendar-year CPI proxy; PIP survey factor unavailable
4,1372,1993,217.51263009152501,54160.644892789736,5.31196046633819,0.0051489573392587740017624687349229353251774394431263,247.25830163280625761408089935081273097022307321647,62422,0.0051489573392587740017624687349229353251774394431263,247.25830163280625761408089935081273097022307321647,62422.418733048879786821507048607264039524233359109,62422,8261.773840259143786821507048607264039524233359109,15.254201379273111235347826609223967450046980078576,WDI calendar-year CPI proxy; PIP survey factor unavailable
5,1373,1994,285.22772122241003,71021.702584380095,6.98241418404714,0.0067681514172634213948845011638476175904951185046687,325.01369002741296934138669183253582839048442729982,82052,0.0068454910445837095,328.727619594147635855767578125,82990.026963372521902087323160807291666666666666668,82990,11968.324378992426902087323160807291666666666666668,16.851643854599224523679695848551457653310818020618,PIP survey-specific CPI factor
6,1374,1995,385.35625211913202,95953.706777663887,10.4496007830059,0.010128943727074220438612641743433433465797338122254,486.40244194588191240302714079836682161639820744813,122796,0.010128943727074220438612641743433433465797338122254,486.40244194588191240302714079836682161639820744813,122796.34982292077113541422692072102384057319745534,122796,26842.64304525688413541422692072102384057319745534,27.974576435545601182891523860817653453641658849071,WDI calendar-year CPI proxy; PIP survey factor unavailable
7,1375,1996,487.54274879978499,121398.14445114648,13.4734377099679,0.013059991018647085915742127453646840718824915619698,627.15438987794079525182564449611396204637840998161,158330,0.013059991018647085915742127453646840718824915619698,627.15438987794079525182564449611396204637840998161,158330.35201126846993461714916674810400162528275328,158330,36932.20756012198993461714916674810400162528275328,30.422382258885673937082550434480088115880633988594,WDI calendar-year CPI proxy; PIP survey factor unavailable
8,1376,1997,553.70053104010105,137871.43222898518,15.8109748350774,0.015325798343907428254371201632683881968228245864422,735.96082080317620197546727861568285038184191696285,185799,0.015325798343907428254371201632683881968228245864422,735.96082080317620197546727861568285038184191696285,185799.44221860185865705651004718426626931584061992,185799,47928.00998961667865705651004718426626931584061992,34.762828828828696354057762894050205123278743581927,WDI calendar-year CPI proxy; PIP survey factor unavailable
9,1377,1998,598.91504111875201,149129.84523856925,18.6357848195023,0.018063926045249783185578315277279688035575287199924,867.44856880326209518127753324848246976795614525317,218995,0.018270342962262306,877.36092444459735613446093750,221497.07671707564086744578417968750000000000000000,221497,72367.23147850639086744578417968750000000000000000,48.526323729993486073983580821216857103069545291645,PIP survey-specific CPI factor
10,1378,1999,777.81131360294501,193675.01708713331,22.3761187395983,0.021689483861652913126162810843767337799956939185899,1041.5516364904442216300752293368297716195282685458,262948,0.021689483861652913126162810843767337799956939185899,1041.5516364904442216300752293368297716195282685458,262948.39022898339745235940893966048276011340746329,262948,69273.37314185008745235940893966048276011340746329,35.767841502595238308715079084716959588278655704293,WDI calendar-year CPI proxy; PIP survey factor unavailable
11,1379,2000,950.19025841983205,236597.37434653821,25.615453804342,0.024829416502647925408490555448180949372766989785658,1192.3344767626463741941698592556517838548119775787,301015,0.024829416502647925408490555448180949372766989785658,1192.3344767626463741941698592556517838548119775787,301014.77477936976588510313238458308993234607383956,301015,64417.40043283155588510313238458308993234607383956,27.226591423825783172455561514505386697373156992395,WDI calendar-year CPI proxy; PIP survey factor unavailable
12,1380,2001,1066.8478025878701,265645.10284437967,28.5034033705372,0.027628746280890906457627249784084494358862146505410,1326.7612123273539760328550130524106634875361196942,334952,0.027628746280890906457627249784084494358862146505410,1326.7612123273539760328550130524106634875361196942,334951.92439547657253262785517018984208629088955114,334952,69306.82155109690253262785517018984208629088955114,26.090005352629540082057379060125119704920176619567,WDI calendar-year CPI proxy; PIP survey factor unavailable
13,1381,2002,1347.60735134329,335554.23048447922,32.5896323907668,0.031589585040315489901179434068641731010492581246910,1516.9648205859723416007442947140522018042436011610,382970,0.031589585040315489901179434068641731010492581246910,1516.9648205859723416007442947140522018042436011610,382970.41033043360073995457006968509544716299914310,382970,47416.17984595438073995457006968509544716299914310,14.130705423529916259300064645281022025623022789888,WDI calendar-year CPI proxy; PIP survey factor unavailable
14,1382,2003,1495.1160743673399,372283.90251746768,37.9564968412533,0.036791761576879372378555553331071495176685996546638,1766.7787635793295975261481175703164643579466133925,446038,0.036791761576879372378555553331071495176685996546638,1766.7787635793295975261481175703164643579466133925,446038.02202196491797545547684827281073103327210606,446038,73754.11950449723797545547684827281073103327210606,19.811256679581162135982394271285538929093712903595,WDI calendar-year CPI proxy; PIP survey factor unavailable
15,1383,2004,1815.7070255394201,452111.04935931566,43.559448423577,0.042222780661854704656739295466582627669548315041456,2027.5819644230313363906184268673664430416623125099,511880,0.042222780661854704656739295466582627669548315041456,2027.5819644230313363906184268673664430416623125099,511879.96343496445279961487701622388659955966464573,511880,59768.91407564879279961487701622388659955966464573,13.219963139663811886308297136037650588460819188099,WDI calendar-year CPI proxy; PIP survey factor unavailable
16,1384,2005,2115.5343646689298,526768.05680256349,49.4108405341712,0.047894616614635068533096278862503826893211394787028,2299.9494424231982861284174387370286444502162067450,580641,0.04899794435656232,2352.9323913269007397571875000,594017.38996040381592453329427083333333333333333334,594017,67249.33315784032592453329427083333333333333333334,12.766403028695011876341435840626034759916077924730,PIP survey-specific CPI factor
17,1385,2006,2351.51718071803,585527.77799878956,54.3597800471328,0.052691692682555685785676148249726328261358496381453,2530.3100384051765406785779183721031148668638349816,638798,0.05479326993844068,2631.2299701121775616529687500,664275.93287123682691897240234375000000000000000001,664276,78748.15487244726691897240234375000000000000000001,13.449089493515038679828048359124323326050328642013,PIP survey-specific CPI factor
18,1386,2007,2814.6762933396199,700854.39704156539,63.7863315003927,0.061828980430975627561302277216480188304396776446182,2969.0921259898835046052934289198192681985288062711,749572,0.061828980430975627561302277216480188304396776446182,2969.0921259898835046052934289198192681985288062711,749572.04964052933976681137024271603941728691821653,749572,48717.65259896394976681137024271603941728691821653,6.9511802743351647369604630036523761473972879742948,WDI calendar-year CPI proxy; PIP survey factor unavailable
19,1387,2008,3297.8030924026998,821152.97000827233,79.9947630269704,0.077540039087286835832668181621959094796382919809312,3723.5535488091556753767859346290267597719587242416,940042,0.077540039087286835832668181621959094796382919809312,3723.5535488091556753767859346290267597719587242416,940042.12300977809321283108241321971406076241292416,940042,118889.15300150576321283108241321971406076241292416,14.478319794703789334276884176280033072033186077904,WDI calendar-year CPI proxy; PIP survey factor unavailable
20,1388,2009,3428.3079829491398,853648.68775433581,90.8352971982194,0.088047919997969880345741557429875695204817797781790,4228.1529495315740368511514354226065744018337992941,1067432,0.09009112137036779,4326.2696104293030265809765625,1092202.8153996311265855890413411458333333333333333,1092203,238554.1276452953165855890413411458333333333333333,27.945234505408945298689714965826199713838140833420,PIP survey-specific CPI factor
21,1389,2010,3925.1119543723298,977352.87663871027,100,0.096931394197822738835964296396433076751636020569358,4654.7466457944901793376508350939735629240800156214,1175130,0.096931394197822738835964296396433076751636020569358,4654.7466457944901793376508350939735629240800156214,1175129.5802862006665252844337430994090732083672771,1175130,197776.7036474903965252844337430994090732083672771,20.235956569512490356969949602969468332051866605024,WDI calendar-year CPI proxy; PIP survey factor unavailable
22,1390,2011,4758.86962890625,1184958.5375976563,126.293385673861,0.12241793951330679543103919345790571922925706858568,5878.6371335143440857952992865074344374945268226926,1484111,0.1302115237433239,6252.893176704567847848828125,1578594.9899022073579215020670572916666666666666667,1578595,393636.4523045510579215020670572916666666666666667,33.219428344100199651036527831715502698569575916902,PIP survey-specific CPI factor
23,1391,2012,6093.5625,1517297.0625000002,160.716937290151,0.15578516802738383612559592654188738384730304617340,7480.9662477369378712364505101679426564548642690956,1888632,0.16855999695097518,8094.4268563951481059947656250,2043505.5134540917655925952050781250000000000000000,2043506,526208.4509540915655925952050781250000000000000000,34.680647841436883835745218296984433034158293312529,PIP survey-specific CPI factor
24,1392,2013,8503.8466796875,2117457.8232421875,219.54421493168,0.21280726841394195055296545703109147905668372297952,10219.226980568221069072142034824525720492999778078,2579929,0.22387202792444236,10750.5682724608464479426562500,2714070.5484516778595035230924479166666666666666667,2714071,596612.7252094903595035230924479166666666666666667,28.175896523689665015358947482036539045321490857686,PIP survey-specific CPI factor
25,1393,2014,9758.5537109375,2429879.8740234375,256.002941860307,0.24814722073263713886828063428234505498023698788262,11916.288349377858901095765085305996204720041577169,3008366,0.2565126370097023,12318.004363870285658945703125,3109782.8516954192003146673014322916666666666666667,3109783,679902.9776719817003146673014322916666666666666667,27.980929631150303931953405238510983580988771747401,PIP survey-specific CPI factor
26,1394,2015,10701.5615234375,2664688.8193359375,287.964093938751,0.27912761104395930798274628297182338588432200163059,13403.999003706506973765974138219277259087139057264,3383951,0.2850364685186866,13687.748502396605880914843750,3455586.1740008764596859599283854166666666666666667,3455586,790897.3546649389596859599283854166666666666666667,29.680664733754432306791753470962724066211172311253,PIP survey-specific CPI factor
27,1395,2016,11796.810546875,2937405.826171875,308.828317801683,0.29935159412285412393734519466431956924321237498494,14375.175764137387851983391525776623267109792378434,3629133,0.30457626750977546,14626.0700293484219253242968750,3692473.2628259203518974964485677083333333333333334,3692473,755067.4366540453518974964485677083333333333333334,25.705247464497418676321897858787050400183385843740,PIP survey-specific CPI factor
28,1396,2017,13061.294921875,3252262.4355468755,333.673322422363,0.32343420349019272882109625294964841789286023514289,15531.647783365976249936679694374685605838497685635,3921094,0.3296655876976866,15830.885352148829603571093750,3996638.9311945732736682190429687500000000000000000,3996639,744376.4956476977736682190429687500000000000000000,22.887959086934173962863250438720262279418308137182,PIP survey-specific CPI factor
29,1397,2018,16923.19921875,4213876.60546875,393.781629583152,0.38169802364985522741316310218496498124914002168749,18329.537194776651580324308239376250374778991030440,4627444,0.41818148637524716,20081.5111259614865567614062500,5069744.8296750269603090566861979166666666666666667,5069745,855868.2242062769603090566861979166666666666666667,20.310709219523301889437771246535519137455412525301,PIP survey-specific CPI factor
30,1398,2019,23549.041015625,5863711.212890625,550.929425291206,0.53402357298081821337594147619682265922179391170101,25644.368944437272944058691625932926250713403870251,6474135,0.5635554534167597,27062.520643799606555093359375,6832158.8575325756715546110188802083333333333333334,6832159,968447.6446419506715546110188802083333333333333334,16.515950555561832926760078040082226823841252308310,PIP survey-specific CPI factor
31,1399,2020,32954.5859375,8205691.8984375,719.481539670071,0.69740348739816090828423940954911256222426513019123,33490.042834903184116443988524370063414001843890805,8454840,0.7692581263071904,36940.577537457704960487500000,9325956.6374773430981497401041666666666666666666668,9325957,1120264.7390398430981497401041666666666666666666668,13.652288593155198861631522947865727358433585066024,PIP survey-specific CPI factor
32,1400,2021,50488.171875,12571554.796875002,1031.65750196386,1,48021.04296875,12123312,1.0785553259633645,51793.351652260889142818359375,13075663.235877030304847351643880208333333333333333,13075663,504108.439002028304847351643880208333333333333333,4.0099132298841668580481967155795027018556088318999,PIP survey-specific CPI factor
33,1401,2022,70968.082972096905,17671052.660052132,1480.30950510605,1.4348846417421842495868968524983114524468305333871,68904.657036300879708891848190795545044769471368531,17395555,1.589071344376989,76308.86330873671746774609375,19264808.449484823797378065917968750000000000000000,19264808,1593755.789432691797378065917968750000000000000000,9.0190200894800004620948156018219388336679779146062,PIP survey-specific CPI factor
34,1402,2023,89391.812935857699,22258561.421028569,2140.21942916994,2.0745445315871061628470162733574452969170945582196,99621.792091929766679544503295628376430983399686670,25150352,2.2358304187730877,107366.908610740751097812109375,27105670.803019925454235148779296875000000000000000,27105671,4847109.381991356454235148779296875000000000000000,21.776382086454585162369957497631210129959017083137,PIP survey-specific CPI factor
35,1403,2024,117170.156249744,29175368.90618626,2834.84629484158,2.7478560369552641678706692010531669500970308008059,131954.91282256782852682461889659136286387690306729,33313117,2.9624753048743412025,142261.153909231495204601044921875,35915013.814001401226861572132568359375000000000000,35915014,6739644.907815141226861572132568359375000000000000,23.100461658210897917675805768633650671876590811320,provisional SCI 1403 annual-average inflation extrapolation
